title,link,video,image
When We Were Young - Adele,https://itunes.apple.com/us/music-video/when-we-were-young-live-at/id1081542110?uo=2,http://a1361.phobos.apple.com/us/r1000/168/Video49/v4/4f/3d/40/4f3d40f3-5d21-8e47-de55-3bbfc7633ffc/mzvf_3340170176655762007.640x354.h264lc.U.p.m4v,http://is4.mzstatic.com/image/thumb/Video49/v4/56/bd/d7/56bdd74f-88f2-c052-5517-569f2e5b3af4/8864456272510101VIC.jpg/80x60bb-85.jpg
Boombox - Laura Marano,https://itunes.apple.com/us/music-video/boombox/id1099013223?uo=2,http://a575.phobos.apple.com/us/r1000/170/Video5/v4/f7/c9/9c/f7c99c22-fa05-4512-04c1-e70add51f059/mzvf_4439180066725984042.640x354.h264lc.U.p.m4v,http://is5.mzstatic.com/image/thumb/Video3/v4/30/98/01/3098014d-954f-d6ed-5e5e-755dc0934f40/dj.vlkcavvt.jpg/80x60bb-85.jpg
It's All Going to Pot - Willie Nelson & Merle Haggard,https://itunes.apple.com/us/music-video/its-all-going-to-pot/id986062144?uo=2,http://a1114.phobos.apple.com/us/r1000/132/Video5/v4/40/5d/c1/405dc1bf-f614-6f4f-7f38-5c36e8755a8e/mzvf_7434822962830582506.640x480.h264lc.U.p.m4v,http://is1.mzstatic.com/image/thumb/Video7/v4/35/05/69/35056951-a783-08ee-4c90-9415d323109a/8864451696140101VIC.jpg/80x60bb-85.jpg
Make Me Like You - Gwen Stefani,https://itunes.apple.com/us/music-video/make-me-like-you/id1088493113?uo=2,http://a379.phobos.apple.com/us/r1000/131/Video69/v4/23/77/45/23774554-e286-2308-b05d-7f709801a621/mzvf_6660864747128063589.640x480.h264lc.U.p.m4v,http://is1.mzstatic.com/image/thumb/Video49/v4/1e/0b/b1/1e0bb1d9-1f93-5c96-f048-abb44be3b015/vidtrkimg_00602547815507_1_1.jpg/80x60bb-85.jpg
Pour Some Sugar On Me - Def Leppard,https://itunes.apple.com/us/music-video/pour-some-sugar-on-me/id553727199?uo=2,http://a1587.phobos.apple.com/us/r1000/075/Video/bb/a0/da/mzi.zwxbmaov..640x480.h264lc.u.p.m4v,http://is3.mzstatic.com/image/thumb/Video/v4/10/0d/e8/100de84a-93e7-2a1b-8a96-888b017531bf/USMVB1200018.jpg/80x60bb-85.jpg
Girl Crush - Little Big Town,https://itunes.apple.com/us/music-video/girl-crush-deluxe-version/id1035468006?uo=2,http://a1988.phobos.apple.com/us/r1000/162/Video4/v4/dd/f0/ef/ddf0ef36-929e-428c-bd3e-9da3e7a3cdc8/mzvf_8206846153056406042.640x480.h264lc.U.p.m4v,http://is1.mzstatic.com/image/thumb/Video49/v4/22/6b/82/226b8280-41fb-d4e6-1da3-5ef3c9dbf04b/vidtrkimg_00602547581297_1_2.jpg/80x60bb-85.jpg
Bitch Better Have My Money - Rihanna,https://itunes.apple.com/us/music-video/bitch-better-have-my-money/id1015165161?uo=2,http://a1295.phobos.apple.com/us/r1000/161/Video7/v4/69/40/33/6940333e-b2ba-eb0e-e0ff-756c2d12631d/mzvf_7554064733019868356.640x366.h264lc.U.p.m4v,http://is5.mzstatic.com/image/thumb/Video7/v4/ed/57/8b/ed578bb9-255a-e61e-804f-cf349a2298c7/vidtrkimg_00851365006400_1_1.jpg/80x60bb-85.jpg
"Only (feat. Drake, Lil Wayne & Chris Brown) - Nicki Minaj",https://itunes.apple.com/us/music-video/only-feat.-drake-lil-wayne/id957857018?uo=2,http://a80.phobos.apple.com/us/r1000/127/Video6/v4/04/95/bb/0495bbcb-461d-d8c1-8661-42d0bcfc26e6/mzvf_4447843876964153781.640x480.h264lc.U.p.m4v,http://is4.mzstatic.com/image/thumb/Video1/v4/86/89/6a/86896a83-5069-f22e-6a28-e47678dfbae1/vidtrkimg_00602547131768_1_1.jpg/80x60bb-85.jpg
You Don't Own Me (feat. G-Eazy) - Grace,https://itunes.apple.com/us/music-video/you-dont-own-me-feat.-g-eazy/id1000103301?uo=2,http://a1404.phobos.apple.com/us/r1000/159/Video7/v4/2e/1d/bb/2e1dbbda-48b0-ea50-706f-4e527d98070c/mzvf_6156222477092340134.640x352.h264lc.U.p.m4v,http://is4.mzstatic.com/image/thumb/Video7/v4/8c/53/99/8c5399c5-6301-1d5a-6888-a8495940e6b8/8864453147620101VIC.jpg/80x60bb-85.jpg
Roses (feat. ROZES) - The Chainsmokers,https://itunes.apple.com/us/music-video/roses-feat.-rozes/id1023021501?uo=2,http://a282.phobos.apple.com/us/r1000/155/Video7/v4/79/84/89/798489bc-556f-d507-aef5-a07182f22c69/mzvf_595732643415416926.640x284.h264lc.U.p.m4v,http://is1.mzstatic.com/image/thumb/Video4/v4/8e/ac/cb/8eaccbf2-7204-d5b3-6664-012e43047f57/8864454191150101VIC.jpg/80x60bb-85.jpg
Fight Song - Rachel Platten,https://itunes.apple.com/us/music-video/fight-song/id995359164?uo=2,http://a265.phobos.apple.com/us/r1000/140/Video1/v4/a7/ce/58/a7ce588f-bfa3-e626-af86-0e4c8bfeaa34/mzvf_1195887201817070981.640x328.h264lc.U.p.m4v,http://is4.mzstatic.com/image/thumb/Video3/v4/99/39/39/993939bd-81cc-411d-7f6f-803fafc05511/8864451630490101VIC.jpg/80x60bb-85.jpg
Hysteria - Def Leppard,https://itunes.apple.com/us/music-video/hysteria/id553727201?uo=2,http://a1003.phobos.apple.com/us/r1000/079/Video/c8/da/c5/mzi.cgeeksou..640x480.h264lc.u.p.m4v,http://is4.mzstatic.com/image/thumb/Video/v4/e8/36/80/e8368082-1191-7c83-e6d2-b8f21aa76dbc/USMVB1200024.jpg/80x60bb-85.jpg
Roar - Katy Perry,https://itunes.apple.com/us/music-video/roar/id700911241?uo=2,http://a33.phobos.apple.com/us/r1000/155/Video2/v4/85/17/ca/8517ca51-22d3-264d-a3e1-685ed2e4836e/mzvf_8499278187698766986.640x476.h264lc.U.p.m4v,http://is2.mzstatic.com/image/thumb/Video5/v4/f0/ee/2f/f0ee2fd9-bf47-0ae8-9b5d-e3873e32e50d/vidtrkimg_00602537546923_1_1.jpg/80x60bb-85.jpg
Happy (from Despicable Me 2) - Pharrell Williams,https://itunes.apple.com/us/music-video/happy-from-despicable-me-2/id793299815?uo=2,http://a974.phobos.apple.com/us/r1000/041/Video6/v4/1f/a0/61/1fa061fe-faab-0bf6-6675-6689b8d0dc34/mzvf_3768204138468945737.640x328.h264lc.U.p.m4v,http://is1.mzstatic.com/image/thumb/Video6/v4/d4/c1/e4/d4c1e421-59c3-db9a-cc1f-677177fa6a62/dj.grymklyi.jpg/80x60bb-85.jpg
You Belong With Me - Taylor Swift,https://itunes.apple.com/us/music-video/you-belong-with-me/id335628709?uo=2,http://a264.phobos.apple.com/us/r1000/015/Video/0c/e0/84/mzm.jtlnbmbj..640x352.h264lc.u.p.m4v,http://is2.mzstatic.com/image/thumb/Video/18/13/c0/dj.ntgvpeqb.jpg/80x60bb-85.jpg
El Perdedor - Maluma,https://itunes.apple.com/us/music-video/el-perdedor/id1105198243?uo=2,http://a636.phobos.apple.com/us/r30/Video60/v4/83/fe/7a/83fe7afa-c074-c946-4f4f-f3759852fe71/mzvf_6816295680948652011.640x480.h264lc.U.p.m4v,http://is1.mzstatic.com/image/thumb/Video5/v4/62/35/53/62355325-3535-723c-833a-243405f660a3/8864458503760101VIC.jpg/80x60bb-85.jpg
Thinking Out Loud - Ed Sheeran,https://itunes.apple.com/us/music-video/thinking-out-loud/id928711391?uo=2,http://a228.phobos.apple.com/us/r1000/155/Video69/v4/96/9c/b3/969cb356-68bb-7f60-0b59-8aa02476d532/mzvf_5527966274057191292.640x360.h264lc.U.p.m4v,http://is1.mzstatic.com/image/thumb/Video3/v4/8c/81/53/8c8153c2-cf6c-4645-c0a1-8a1f93a2f6bc/GB1301400563.sca1.jpg/80x60bb-85.jpg
Rain Over Me (feat. Marc Anthony) - Pitbull,https://itunes.apple.com/us/music-video/rain-over-me-feat.-marc-anthony/id451902301?uo=2,http://a1639.phobos.apple.com/us/r1000/022/Video4/v4/64/23/4c/64234c7c-e9d7-d45e-8c1e-6f19892c0abe/mzvf_6833960647755914826.640x478.h264lc.U.p.m4v,http://is1.mzstatic.com/image/thumb/Video/ed/26/74/mzi.pnvngpeb.jpg/80x60bb-85.jpg
Anaconda - Nicki Minaj,https://itunes.apple.com/us/music-video/anaconda/id913407798?uo=2,http://a910.phobos.apple.com/us/r1000/177/Video3/v4/ca/32/a0/ca32a0c3-26b1-0ae4-638b-79c8bbde532e/mzvf_4033179628601006536.640x354.h264lc.U.p.m4v,http://is2.mzstatic.com/image/thumb/Video4/v4/2c/99/91/2c999185-ed5a-3a88-9f7b-f716ba701e9e/vidtrkimg_00602547005151_1_1.jpg/80x60bb-85.jpg
I Am a Gummy Bear (The Gummy Bear Song) - Gummibär,https://itunes.apple.com/us/music-video/i-am-gummy-bear-gummy-bear/id318168657?uo=2,http://a1692.phobos.apple.com/us/r1000/029/Video/41/34/94/mzm.kfttzfdl..640x480.h264lc.u.p.m4v,http://is3.mzstatic.com/image/thumb/Video/e1/61/fb/mzi.cayxouiz.tif/80x60bb-85.jpg
Never Forget You - Zara Larsson & MNEK,https://itunes.apple.com/us/music-video/never-forget-you/id1039930029?uo=2,http://a870.phobos.apple.com/us/r1000/142/Video69/v4/67/08/f9/6708f945-7c2c-c7cf-967d-7c73b0112ad5/mzvf_7139518328223990286.640x316.h264lc.U.p.m4v,http://is2.mzstatic.com/image/thumb/Video49/v4/1c/31/18/1c3118b5-67fb-506e-46b2-57784c025f76/8864454989050101VIC.jpg/80x60bb-85.jpg
$ave Dat Money (feat. Fetty Wap & Rich Homie Quan) - Lil Dicky,https://itunes.apple.com/us/music-video/$ave-dat-money-feat.-fetty/id1048851396?uo=2,http://a1097.phobos.apple.com/us/r1000/172/Video2/v4/c9/bb/76/c9bb76f7-1cea-8800-27f0-d698bc33b3d7/mzvf_8464390697824737937.640x480.h264lc.U.p.m4v,http://is2.mzstatic.com/image/thumb/Video6/v4/26/e2/33/26e23375-5d96-15e0-35d0-9f00f53f465b/QM4HH1520006.sca1.jpg/80x60bb-85.jpg
Marvin Gaye (feat. Meghan Trainor) - Charlie Puth,https://itunes.apple.com/us/music-video/marvin-gaye-feat.-meghan-trainor/id983438130?uo=2,http://a1902.phobos.apple.com/us/r1000/162/Video4/v4/56/9e/68/569e68c5-a9fb-5893-90f5-2b117ff8a5c4/mzvf_955251233567855459.640x480.h264lc.U.p.m4v,http://is3.mzstatic.com/image/thumb/Video3/v4/71/55/bb/7155bb63-399f-283c-84db-5184f30546a0/USATV1500102.sca1.jpg/80x60bb-85.jpg
Animal - Def Leppard,https://itunes.apple.com/us/music-video/animal/id553727197?uo=2,http://a1770.phobos.apple.com/us/r1000/079/Video/e5/68/d8/mzi.hjmftajq..640x464.h264lc.u.p.m4v,http://is3.mzstatic.com/image/thumb/Video/v4/7c/52/07/7c5207d1-f935-278b-81e7-6590b7241b6a/USMVB1200021.jpg/80x60bb-85.jpg
Like I'm Gonna Lose You (feat. John Legend) - Meghan Trainor,https://itunes.apple.com/us/music-video/like-im-gonna-lose-you-feat./id1017164321?uo=2,http://a959.phobos.apple.com/us/r1000/138/Video7/v4/aa/54/51/aa54512b-0b46-7929-0fcc-1d502df129ec/mzvf_5455884936999775116.640x366.h264lc.U.p.m4v,http://is3.mzstatic.com/image/thumb/Video1/v4/a1/84/78/a1847858-797b-a806-fcd0-01504ca8f761/8864453643230101VIC.jpg/80x60bb-85.jpg
Cruise - Florida Georgia Line,https://itunes.apple.com/us/music-video/cruise/id739665010?uo=2,http://a1283.phobos.apple.com/us/r1000/021/Video/v4/a3/da/da/a3dadaaf-f4d6-e684-3e58-97fc0685ebea/mzvf_1441327371245159753.640x272.h264lc.U.p.m4v,http://is5.mzstatic.com/image/thumb/Video/v4/6f/9f/bd/6f9fbd80-1a2a-22f5-3431-50f038cf1802/vidtrkimg_00602537611478_1_18.jpg/80x60bb-85.jpg
Armageddon It - Def Leppard,https://itunes.apple.com/us/music-video/armageddon-it/id553727200?uo=2,http://a1814.phobos.apple.com/us/r1000/105/Video/eb/36/b3/mzi.smdnbnjt..640x480.h264lc.u.p.m4v,http://is2.mzstatic.com/image/thumb/Video/v4/7f/65/93/7f6593e3-b690-750c-6066-1e749c350353/USMVB1200023.jpg/80x60bb-85.jpg
My House - Flo Rida,https://itunes.apple.com/us/music-video/my-house/id1044463386?uo=2,http://a1989.phobos.apple.com/us/r1000/157/Video2/v4/a6/24/76/a62476c4-17ee-7115-47d2-3b0761030a5b/mzvf_7262522545362285917.640x480.h264lc.U.p.m4v,http://is3.mzstatic.com/image/thumb/Video2/v4/4e/c4/86/4ec48608-9ff9-399d-665d-66fbf24b9d83/USATV1501098.sca1.jpg/80x60bb-85.jpg
Cake By the Ocean - DNCE,https://itunes.apple.com/us/music-video/cake-by-the-ocean/id1048787114?uo=2,http://a1710.phobos.apple.com/us/r1000/170/Video49/v4/25/5d/ab/255dab67-091b-7656-2415-4e0ba355726d/mzvf_4191327726201411313.640x344.h264lc.U.p.m4v,http://is4.mzstatic.com/image/thumb/Video2/v4/5d/8e/65/5d8e6527-bca8-0d61-b61a-fc81f27a8feb/vidtrkimg_00602547611772_1_1.jpg/80x60bb-85.jpg
My Church - Maren Morris,https://itunes.apple.com/us/music-video/my-church/id1075693078?uo=2,http://a206.phobos.apple.com/us/r1000/130/Video/v4/de/f6/aa/def6aa28-042d-f04f-328b-e57cb794abef/mzvf_7185886537900715152.640x354.h264lc.U.p.m4v,http://is3.mzstatic.com/image/thumb/Video49/v4/5e/48/d1/5e48d1be-97aa-5742-5796-3a6499b0cff6/8864456318210101VIC.jpg/80x60bb-85.jpg
Love Yourself - Justin Bieber,https://itunes.apple.com/us/music-video/love-yourself-purpose-movement/id1061234513?uo=2,http://a1321.phobos.apple.com/us/r1000/156/Video1/v4/b5/88/95/b58895ed-5ba8-3c3b-e37c-29df186ac9fd/mzvf_7867618699120466730.640x480.h264lc.U.p.m4v,http://is4.mzstatic.com/image/thumb/Video7/v4/69/d6/d3/69d6d3d8-0e5a-0ccc-033c-14e7a9f3b825/vidtrkimg_00602547688958_1_1.jpg/80x60bb-85.jpg
Think of You (Duet with Cassadee Pope) - Chris Young,https://itunes.apple.com/us/music-video/think-you-duet-cassadee-pope/id1077108397?uo=2,http://a1882.phobos.apple.com/us/r1000/175/Video49/v4/23/95/c4/2395c415-98ba-b255-c604-9939c8bd50a8/mzvf_8307664195287201819.640x312.h264lc.U.p.m4v,http://is2.mzstatic.com/image/thumb/Video/v4/9f/51/b8/9f51b8fe-a1d0-bbc5-56d1-b63f315d253f/8864457090870101VIC.jpg/80x60bb-85.jpg
"Bang Bang - Jessie J, Ariana Grande & Nicki Minaj",https://itunes.apple.com/us/music-video/bang-bang/id913746045?uo=2,http://a1403.phobos.apple.com/us/r1000/126/Video5/v4/72/9f/97/729f9734-2a5e-6f4a-b5a9-b807b82302e8/mzvf_8840106957023609227.640x480.h264lc.U.p.m4v,http://is1.mzstatic.com/image/thumb/Video3/v4/40/83/9d/40839d85-4805-db18-fdb9-c0c148be9668/vidtrkimg_00602537994090_1_1.jpg/80x60bb-85.jpg
Trust In You - Lauren Daigle,https://itunes.apple.com/us/music-video/trust-in-you/id970273524?uo=2,http://a1930.phobos.apple.com/us/r1000/038/Video3/v4/85/94/58/859458d4-773a-5009-be0d-cce50be5ce24/mzvf_6297384593204385485.640x472.h264lc.U.p.m4v,http://is5.mzstatic.com/image/thumb/Video1/v4/ca/dc/35/cadc3597-0d16-09f4-afeb-793815afdd77/vidtrkimg_00829619130409_1_1.jpg/80x60bb-85.jpg
Hotline Bling - Drake,https://itunes.apple.com/us/music-video/hotline-bling/id1051776880?uo=2,http://a16.phobos.apple.com/us/r1000/171/Video49/v4/fe/30/98/fe30985a-62fe-ad1b-c6a3-5c63b99241e6/mzvf_7197254309545350342.640x480.h264lc.U.p.m4v,http://is5.mzstatic.com/image/thumb/Video2/v4/f3/13/b2/f313b2a2-1c15-d1a7-988e-1f9b129b4129/vidtrkimg_00602547668608_1_1.jpg/80x60bb-85.jpg
Bad Blood (feat. Kendrick Lamar) - Taylor Swift,https://itunes.apple.com/us/music-video/bad-blood-feat.-kendrick-lamar/id996277743?uo=2,http://a1315.phobos.apple.com/us/r1000/123/Video7/v4/28/0e/54/280e54d8-adcb-1ca2-3906-65d32dbced4c/mzvf_5699299727650074667.640x366.h264lc.U.p.m4v,http://is4.mzstatic.com/image/thumb/Video5/v4/c2/ff/51/c2ff511e-1aae-eede-f8f2-d289eab4de9c/vidtrkimg_00843930017836_1_1.jpg/80x60bb-85.jpg
Adventure of a Lifetime - Coldplay,https://itunes.apple.com/us/music-video/adventure-of-a-lifetime/id1063763751?uo=2,http://a1995.phobos.apple.com/us/r1000/127/Video7/v4/b1/41/1f/b1411f7c-6b83-1135-5ce9-660589b859f9/mzvf_519978985277995476.640x480.h264lc.U.p.m4v,http://is5.mzstatic.com/image/thumb/Video7/v4/7b/07/d7/7b07d7a5-2b55-fa92-5dc4-39aadba73f0d/GB0401500496.sca1.jpg/80x60bb-85.jpg
Sorry - Justin Bieber,https://itunes.apple.com/us/music-video/sorry/id1056870986?uo=2,http://a729.phobos.apple.com/us/r1000/140/Video49/v4/cb/f9/d4/cbf9d4b2-0c3b-e416-207a-37d902e51ba0/mzvf_5346520607117791324.640x480.h264lc.U.p.m4v,http://is5.mzstatic.com/image/thumb/Video69/v4/05/5f/dd/055fdd23-0e83-5362-1227-30a2c787bf9c/vidtrkimg_00602547662293_1_1.jpg/80x60bb-85.jpg
Dear Future Husband - Meghan Trainor,https://itunes.apple.com/us/music-video/dear-future-husband/id976748983?uo=2,http://a1615.phobos.apple.com/us/r1000/013/Video6/v4/a4/35/64/a43564c0-fb4b-097b-f1b2-8886c9773edb/mzvf_1095966601988155609.640x480.h264lc.U.p.m4v,http://is1.mzstatic.com/image/thumb/Video2/v4/3e/42/2c/3e422c88-5b94-2c0a-4a03-8d46521c9981/8864451623630101VIC.jpg/80x60bb-85.jpg
King of the Fall - The Weeknd,https://itunes.apple.com/us/music-video/king-of-the-fall/id915957986?uo=2,http://a612.phobos.apple.com/us/r1000/051/Video3/v4/7b/dc/9f/7bdc9ffd-70a4-f7d3-8db2-a781669b3254/mzvf_6104761070604543347.640x354.h264lc.U.p.m4v,http://is1.mzstatic.com/image/thumb/Video1/v4/38/cb/63/38cb63c5-fd42-0f11-f120-77d2ee31ac6c/vidtrkimg_00602547035424_1_1.jpg/80x60bb-85.jpg
Better When I'm Dancin' - Meghan Trainor,https://itunes.apple.com/us/music-video/better-when-im-dancin/id1049439009?uo=2,http://a1201.phobos.apple.com/us/r1000/164/Video/v4/7e/2e/22/7e2e22de-9795-34e1-2f4e-694e974b66a6/mzvf_9005135926144432507.640x478.h264lc.U.p.m4v,http://is2.mzstatic.com/image/thumb/Video/v4/ad/50/6f/ad506f50-90b2-f2fb-1a43-4181a3a9da0c/8864455520960101VIC.jpg/80x60bb-85.jpg
I'm an Albatraoz - AronChupa,https://itunes.apple.com/us/music-video/im-an-albatraoz/id926082499?uo=2,http://a499.phobos.apple.com/us/r1000/025/Video3/v4/04/19/2d/04192d6b-648e-39bf-2e81-2b03e49f5737/mzvf_7333030959783434059.640x478.h264lc.U.p.m4v,http://is4.mzstatic.com/image/thumb/Video5/v4/5d/c3/6d/5dc36d31-ef87-b48f-8a3c-d935b2d26299/8864448880970101VIC.jpg/80x60bb-85.jpg
Dollhouse - Melanie Martinez,https://itunes.apple.com/us/music-video/dollhouse/id876756439?uo=2,http://a1946.phobos.apple.com/us/r1000/029/Video6/v4/91/37/6e/91376e14-144d-e40e-505b-65aa58a2f4b8/mzvf_4432110725831395441.640x480.h264lc.U.p.m4v,http://is5.mzstatic.com/image/thumb/Video4/v4/bc/4a/39/bc4a3910-4d39-418a-9f76-c22037c674e7/USATV1400448.sca1.jpg/80x60bb-85.jpg
Stairway to Heaven (Live At The Kennedy Center Honors) [feat. Jason Bonham] - Heart,https://itunes.apple.com/us/music-video/stairway-to-heaven-live-at/id695731361?uo=2,http://a574.phobos.apple.com/us/r30/Video4/v4/39/f3/26/39f32669-e7d6-d0a7-fc79-d74209d2b959/mzvf_1887214044132300623.640x352.h264lc.U.p.m4v,http://is4.mzstatic.com/image/thumb/Video5/v4/a6/78/8f/a6788f01-cafe-6889-1b50-27a45b50586c/Cover.jpg/80x60bb-85.jpg
"Me, Myself & I - G-Eazy & Bebe Rexha",https://itunes.apple.com/us/music-video/me-myself-i/id1053765703?uo=2,http://a1223.phobos.apple.com/us/r1000/146/Video1/v4/bb/5d/07/bb5d074a-77db-3472-9697-9508f2924508/mzvf_5166871605718750778.640x346.h264lc.U.p.m4v,http://is2.mzstatic.com/image/thumb/Video49/v4/dd/c1/62/ddc16260-20c1-612b-6637-dc10ca6be969/dj.slyeelup.jpg/80x60bb-85.jpg
Drifting (feat. Chris Brown & Tory Lanez) - G-Eazy,https://itunes.apple.com/us/music-video/drifting-feat.-chris-brown/id1106000113?uo=2,http://a564.phobos.apple.com/us/r1000/159/Video30/v4/e4/cd/57/e4cd57ed-7bc2-a857-e5e4-631dcabe5d92/mzvf_1727558100753643997.640x264.h264lc.U.p.m4v,http://is2.mzstatic.com/image/thumb/Video50/v4/9a/cb/b5/9acbb578-beba-03f3-6db0-719a8a557e90/8864458089020101VIC.jpg/80x60bb-85.jpg
Close (feat. Tove Lo) - Nick Jonas,https://itunes.apple.com/us/music-video/close-feat.-tove-lo/id1097657142?uo=2,http://a1196.phobos.apple.com/us/r1000/148/Video/v4/a0/c5/04/a0c50417-d187-3fd8-b189-624f85a7b448/mzvf_1312937921373056898.640x366.h264lc.U.p.m4v,http://is2.mzstatic.com/image/thumb/Video4/v4/7a/e3/0a/7ae30ac4-ea2a-8077-641e-91fa2731d62b/vidtrkimg_00602547878106_1_1.jpg/80x60bb-85.jpg
Die a Happy Man - Thomas Rhett,https://itunes.apple.com/us/music-video/die-a-happy-man/id1038203097?uo=2,http://a394.phobos.apple.com/us/r1000/139/Video49/v4/69/cd/c8/69cdc883-2071-cc13-6c72-aecc9e76c1ca/mzvf_7735278883947043577.640x344.h264lc.U.p.m4v,http://is1.mzstatic.com/image/thumb/Video49/v4/55/84/9f/55849fe9-0e9c-218b-57ba-60de3a997ede/vidtrkimg_00843930018994_1_1.jpg/80x60bb-85.jpg
Real - NF,https://itunes.apple.com/us/music-video/real/id1104094639?uo=2,http://a49.phobos.apple.com/us/r1000/178/Video6/v4/92/05/78/92057857-288a-855a-1a13-eaeb802bf8b0/mzvf_6705117254235484068.640x366.h264lc.U.p.m4v,http://is4.mzstatic.com/image/thumb/Video5/v4/38/d0/fb/38d0fbc4-7b0b-2621-e987-48f6c23be72c/vidtrkimg_00602547921888_1_1.jpg/80x60bb-85.jpg
Sugar - Maroon 5,https://itunes.apple.com/us/music-video/sugar/id957727376?uo=2,http://a288.phobos.apple.com/us/r1000/041/Video3/v4/06/4c/8a/064c8a52-e3e4-43e8-f68c-f91e5941cf0f/mzvf_4670584734974382589.640x480.h264lc.U.p.m4v,http://is2.mzstatic.com/image/thumb/Video3/v4/d3/f7/c1/d3f7c17a-5f66-fbab-19ae-36b7305d6d5c/vidtrkimg_00602547164094_1_1.jpg/80x60bb-85.jpg
All About That Bass - Meghan Trainor,https://itunes.apple.com/us/music-video/all-about-that-bass/id888972869?uo=2,http://a1553.phobos.apple.com/us/r1000/043/Video6/v4/03/86/0d/03860d0f-2fda-26ec-eb8e-e742d3404a5f/mzvf_3099625701932298040.640x480.h264lc.U.p.m4v,http://is3.mzstatic.com/image/thumb/Video6/v4/bb/c7/8b/bbc78ba3-dfc8-7319-ea8f-a46918d1310c/dj.tddrguje.jpeg/80x60bb-85.jpg
Cheap Thrills - Sia,https://itunes.apple.com/us/music-video/cheap-thrills-performance/id1094804437?uo=2,http://a325.phobos.apple.com/us/r1000/174/Video69/v4/6c/68/3b/6c683ba3-9fea-4d4f-b443-53ab24ec5177/mzvf_4185335731328909213.640x320.h264lc.U.p.m4v,http://is2.mzstatic.com/image/thumb/Video5/v4/ba/ad/f2/baadf2f1-ff73-5ae4-e185-62f40fe68154/8864458165940101VIC.jpg/80x60bb-85.jpg
Low Life (feat. The Weeknd) - Future,https://itunes.apple.com/us/music-video/low-life-feat.-the-weeknd/id1096811821?uo=2,http://a1664.phobos.apple.com/us/r1000/141/Video3/v4/5f/20/b3/5f20b39c-41b6-ee61-2773-5418e2b3f691/mzvf_8373484879529339378.640x328.h264lc.U.p.m4v,http://is1.mzstatic.com/image/thumb/Video6/v4/23/bc/7a/23bc7a89-da1a-10bb-38f6-a3ec57f90619/8864458163030101VIC.jpg/80x60bb-85.jpg
You Should Be Here - Cole Swindell,https://itunes.apple.com/us/music-video/you-should-be-here/id1067941304?uo=2,http://a1156.phobos.apple.com/us/r1000/126/Video49/v4/3e/79/ca/3e79ca07-5cb2-8c99-5b0c-1798a7b50fdf/mzvf_9560857068834626.640x354.h264lc.U.p.m4v,http://is1.mzstatic.com/image/thumb/Video49/v4/97/e6/e7/97e6e708-5602-0e76-60d5-9cf7e6e2a43d/USWBV1501052.sca1.jpg/80x60bb-85.jpg
Love Bites - Def Leppard,https://itunes.apple.com/us/music-video/love-bites/id553727198?uo=2,http://a499.phobos.apple.com/us/r1000/097/Video/74/6d/15/mzi.dtlgzjgs..640x480.h264lc.u.p.m4v,http://is4.mzstatic.com/image/thumb/Video/v4/23/41/80/2341807c-56bc-b673-f48e-fe5dbcaddea1/USMVB1200022.jpg/80x60bb-85.jpg
Thriller - Michael Jackson,https://itunes.apple.com/us/music-video/thriller/id287857650?uo=2,http://a1763.phobos.apple.com/us/r1000/090/Video/ed/2e/e7/mzi.unevcgij..640x464.h264lc.u.p.m4v,http://is3.mzstatic.com/image/thumb/Music/0c/5b/49/mzi.kqivnzja.jpg/80x60bb-85.jpg
Dynamite - VIXX,https://itunes.apple.com/us/music-video/dynamite/id1106215720?uo=2,http://a623.phobos.apple.com/us/r30/Video18/v4/ea/76/33/ea763367-ff6d-251d-0103-865f9758f669/mzvf_3603952208572669625.640x480.h264lc.U.p.m4v,http://is5.mzstatic.com/image/thumb/Video50/v4/ac/b1/00/acb10000-32a9-0aa3-f0fc-4c03b509d92f/KRA771690006.jpg/80x60bb-85.jpg
Hands To Myself - Selena Gomez,https://itunes.apple.com/us/music-video/hands-to-myself/id1070641670?uo=2,http://a1247.phobos.apple.com/us/r1000/172/Video69/v4/12/3f/eb/123febde-e800-1345-d88b-9dffe1f3db54/mzvf_2737456033382391284.640x472.h264lc.U.p.m4v,http://is4.mzstatic.com/image/thumb/Video69/v4/04/ad/0d/04ad0d18-c07c-6d7e-64e2-d5eb29853f8a/vidtrkimg_00602547707727_1_1.jpg/80x60bb-85.jpg
Pour Some Sugar On Me - Def Leppard,https://itunes.apple.com/us/music-video/pour-some-sugar-on-me/id530707317?uo=2,http://a449.phobos.apple.com/us/r1000/089/Video/21/26/c7/mzi.mkjzrtiw..640x480.h264lc.u.p.m4v,http://is1.mzstatic.com/image/thumb/Video/v4/fa/dd/9f/fadd9ffe-7fe4-de0e-b49e-83bcf0649b6b/USMVB1200018.jpg/80x60bb-85.jpg
Yoncé (Video) - Beyoncé,https://itunes.apple.com/us/music-video/yonce-video/id780332973?uo=2,http://a1925.phobos.apple.com/us/r1000/134/Video69/v4/fa/0c/d0/fa0cd059-0d58-ed18-9cf3-407b8f5235df/mzvf_5969335231616428860.640x480.h264lc.U.p.m4v,http://is4.mzstatic.com/image/thumb/Video6/v4/be/45/8c/be458c8f-422a-b46f-6c93-a7c8ae8a917d/8864443858550121VIC.jpg/80x60bb-85.jpg
Stressed Out - twenty one pilots,https://itunes.apple.com/us/music-video/stressed-out/id995055427?uo=2,http://a963.phobos.apple.com/us/r1000/173/Video4/v4/79/40/a7/7940a71b-bb45-5464-d79f-f204942f9e46/mzvf_7012416897793186154.640x358.h264lc.U.p.m4v,http://is5.mzstatic.com/image/thumb/Video7/v4/d4/48/6c/d4486c3e-304c-3594-9dc7-e73b6dea2794/USATV1500238.sca1.jpg/80x60bb-85.jpg
Team - Iggy Azalea,https://itunes.apple.com/us/music-video/team/id1100501176?uo=2,http://a954.phobos.apple.com/us/r1000/166/Video4/v4/d9/7d/5c/d97d5c8b-0627-b02d-9472-092d252d1063/mzvf_3470805895665923362.640x354.h264lc.U.p.m4v,http://is2.mzstatic.com/image/thumb/Video49/v4/6b/e4/a4/6be4a472-6eeb-1dcc-fc2e-aef8f804b5e7/vidtrkimg_00602547871060_1_1.jpg/80x60bb-85.jpg
PILLOWTALK - ZAYN,https://itunes.apple.com/us/music-video/pillowtalk/id1080142619?uo=2,http://a748.phobos.apple.com/us/r1000/168/Video/v4/66/9f/f2/669ff27b-77d6-1b36-9266-7de94ce7ae2d/mzvf_2352030538480551208.640x480.h264lc.U.p.m4v,http://is5.mzstatic.com/image/thumb/Video49/v4/84/73/1a/84731a91-5c24-32b3-e6b7-1a28ca90522b/8864457053790101VIC.jpg/80x60bb-85.jpg
Andas En Mi Cabeza (feat. Daddy Yankee) - Chino & Nacho,https://itunes.apple.com/us/music-video/andas-en-mi-cabeza-feat.-daddy/id1105696259?uo=2,http://a1654.phobos.apple.com/us/r1000/150/Video6/v4/39/8e/39/398e3955-0408-ba91-9110-8b159af9f98f/mzvf_8484937412148716412.640x366.h264lc.U.p.m4v,http://is3.mzstatic.com/image/thumb/Video2/v4/62/dc/30/62dc3013-91df-f912-327e-9ee17adfeb92/vidtrkimg_00602547860361_1_1.jpg/80x60bb-85.jpg
Grown Woman (Bonus Video) - Beyoncé,https://itunes.apple.com/us/music-video/grown-woman-bonus-video/id780334212?uo=2,http://a255.phobos.apple.com/us/r1000/174/Video49/v4/1f/63/37/1f633756-0d3a-e7fd-476e-cdf7bc12ea29/mzvf_3625685077460465304.640x480.h264lc.U.p.m4v,http://is5.mzstatic.com/image/thumb/Video4/v4/88/e9/9f/88e99f9a-1be0-38a9-37a1-6481317228f7/dj.bwqucauj.jpg/80x60bb-85.jpg
Hello - Adele,https://itunes.apple.com/us/music-video/hello/id1051952985?uo=2,http://a1129.phobos.apple.com/us/r1000/176/Video49/v4/c9/60/d1/c960d1aa-e322-db12-6144-e0b6036c8f21/mzvf_4528229109281816148.640x480.h264lc.U.p.m4v,http://is5.mzstatic.com/image/thumb/Video/v4/eb/d2/a0/ebd2a0cb-7944-98aa-f2e1-9c40355372c8/8864455852230101VIC.jpg/80x60bb-85.jpg
Women - Def Leppard,https://itunes.apple.com/us/music-video/women/id553727195?uo=2,http://a484.phobos.apple.com/us/r1000/110/Video/02/d8/9a/mzi.mckvfzsg..640x480.h264lc.u.p.m4v,http://is3.mzstatic.com/image/thumb/Video/v4/bd/af/60/bdaf603f-ce88-252b-ef26-6344312cb661/USMVB1200019.jpg/80x60bb-85.jpg
Uptown Funk (feat. Bruno Mars) - Mark Ronson,https://itunes.apple.com/us/music-video/uptown-funk-feat.-bruno-mars/id942813466?uo=2,http://a1026.phobos.apple.com/us/r1000/175/Video2/v4/32/41/a4/3241a43b-16ce-37ca-49b5-9ed0d7104b86/mzvf_5889989541596913829.640x480.h264lc.U.p.m4v,http://is2.mzstatic.com/image/thumb/Video1/v4/59/a2/97/59a297fa-11f3-459c-867c-25e71fa9f55e/8864449528660101VIC.jpg/80x60bb-85.jpg
Somewhere On a Beach - Dierks Bentley,https://itunes.apple.com/us/music-video/somewhere-on-a-beach/id1087131009?uo=2,http://a1602.phobos.apple.com/us/r1000/179/Video49/v4/e6/d1/7b/e6d17b83-d7ed-f26e-b15a-1cbbf89968c7/mzvf_5225449654203834157.640x472.h264lc.U.p.m4v,http://is1.mzstatic.com/image/thumb/Video49/v4/ed/c7/ce/edc7ced7-7c95-4165-3fbe-f72006502757/vidtrkimg_00602547776778_1_1.jpg/80x60bb-85.jpg
One Call Away - Charlie Puth,https://itunes.apple.com/us/music-video/one-call-away/id1042080417?uo=2,http://a1939.phobos.apple.com/us/r1000/136/Video4/v4/0f/b8/ce/0fb8cec2-340e-08de-0770-83b67dc91c6e/mzvf_7061174979096406582.640x358.h264lc.U.p.m4v,http://is2.mzstatic.com/image/thumb/Video/v4/37/a8/97/37a89704-62f6-6601-3144-4ab5f2d988c5/USATV1500769.sca1.jpg/80x60bb-85.jpg
Cake By the Ocean - DNCE,https://itunes.apple.com/us/music-video/cake-by-the-ocean/id1058728163?uo=2,http://a962.phobos.apple.com/us/r1000/172/Video/v4/c5/89/2c/c5892c40-7a3c-9431-f01b-9c3b234ccee7/mzvf_2320273537507290620.640x344.h264lc.U.p.m4v,http://is1.mzstatic.com/image/thumb/Video2/v4/3d/a8/f6/3da8f655-511b-73d3-bc3e-e561b714634f/vidtrkimg_00602547611789_1_1.jpg/80x60bb-85.jpg
New Romantics - Taylor Swift,https://itunes.apple.com/us/music-video/new-romantics/id1100568590?uo=2,http://a1077.phobos.apple.com/us/r1000/146/Video4/v4/e7/0b/75/e70b7577-644c-4b2b-5467-a080c616bbe9/mzvf_6794840069577860601.640x480.h264lc.U.p.m4v,http://is1.mzstatic.com/image/thumb/Video3/v4/16/67/a2/1667a2b3-2996-72a0-7b8a-24f755d28d03/USCJY1631659.jpg/80x60bb-85.jpg
Work (feat. Drake) - Rihanna,https://itunes.apple.com/us/music-video/work-feat.-drake/id1087146282?uo=2,http://a1186.phobos.apple.com/us/r1000/174/Video69/v4/47/89/88/478988bf-2884-c26b-3e18-6cc28d8aa012/mzvf_4476107880866214206.640x472.h264lc.U.p.m4v,http://is3.mzstatic.com/image/thumb/Video69/v4/3e/bc/99/3ebc9992-5fa0-8115-f474-7410f1e49448/vidtrkimg_00851365006868_1_1.jpg/80x60bb-85.jpg
Needed Me - Rihanna,https://itunes.apple.com/us/music-video/needed-me/id1106683999?uo=2,http://a35.phobos.apple.com/us/r1000/151/Video18/v4/cb/e5/94/cbe594f0-d9a8-82e6-43be-1aba97a3504e/mzvf_8193245174557134187.640x344.h264lc.U.p.m4v,http://is5.mzstatic.com/image/thumb/Video50/v4/20/e3/0c/20e30cd0-fc00-4162-07c0-7fc00c90b866/vidtrkimg_00851365006905_1_1.jpg/80x60bb-85.jpg
EPILOGUE : Young Forever - BTS,https://itunes.apple.com/us/music-video/epilogue-young-forever/id1105775961?uo=2,http://a36.phobos.apple.com/us/r30/Video1/v4/df/e1/9a/dfe19ade-6523-1aca-7d92-9e5236b557ef/mzvf_3146904518008705567.640x364.h264lc.U.p.m4v,http://is3.mzstatic.com/image/thumb/Video49/v4/4a/14/bc/4a14bc7c-d281-5182-c914-ffbbd49e0e43/KRA381690410.jpg/80x60bb-85.jpg
Black Sweat - Prince,https://itunes.apple.com/us/music-video/black-sweat/id127934975?uo=2,http://a1500.phobos.apple.com/us/r1000/040/Video/a3/34/fa/mzm.fgabused..640x480.h264lc.u.p.m4v,http://is3.mzstatic.com/image/thumb/Music/28/ec/6e/mzi.ryijkmaj.tif/80x60bb-85.jpg
NO - Meghan Trainor,https://itunes.apple.com/us/music-video/no/id1095196440?uo=2,http://a695.phobos.apple.com/us/r1000/127/Video49/v4/a3/71/8e/a3718eee-fd8d-a645-cccb-854ab01d1e9e/mzvf_319931182536927045.640x478.h264lc.U.p.m4v,http://is4.mzstatic.com/image/thumb/Video5/v4/cb/05/f9/cb05f9f9-78c9-074e-7137-6935a04c2404/dj.rztnyodw.jpg/80x60bb-85.jpg
The Sound of Silence - Disturbed,https://itunes.apple.com/us/music-video/the-sound-of-silence/id1067505463?uo=2,http://a1551.phobos.apple.com/us/r1000/168/Video49/v4/33/13/a1/3313a136-f01b-86b4-2d7e-6ebab33a2324/mzvf_8351887516068090744.640x480.h264lc.U.p.m4v,http://is3.mzstatic.com/image/thumb/Video2/v4/c7/ae/2d/c7ae2dab-806f-ec0d-63cc-6db7ec0b8cd9/USWBV1500856.sca1.jpg/80x60bb-85.jpg
Vroom Vroom - Charli XCX,https://itunes.apple.com/us/music-video/vroom-vroom/id1105944005?uo=2,http://a1313.phobos.apple.com/us/r1000/127/Video18/v4/a8/22/19/a82219d1-c031-1f6f-903f-81775902e039/mzvf_2630539178469973226.640x350.h264lc.U.p.m4v,http://is2.mzstatic.com/image/thumb/Video5/v4/9e/89/4b/9e894bbd-df8d-e6ee-5b5b-d67587240d74/GB1301600065.sca1.jpg/80x60bb-85.jpg
Nothing Compares 2U - Sinead O'Connor,https://itunes.apple.com/us/music-video/nothing-compares-2u/id1081708445?uo=2,http://a1070.phobos.apple.com/us/r1000/157/Video69/v4/e3/d7/a9/e3d7a944-74c5-fec9-04cd-6a106aa2582c/mzvf_1586825519018713435.640x480.h264lc.U.p.m4v,http://is5.mzstatic.com/image/thumb/Video49/v4/5b/c2/21/5bc22119-ed49-13e8-86b7-cd7735989afb/GB0308900530.sca1.jpg/80x60bb-85.jpg
Turn Down for What - DJ Snake & Lil Jon,https://itunes.apple.com/us/music-video/turn-down-for-what/id839040916?uo=2,http://a1385.phobos.apple.com/us/r1000/042/Video/v4/12/8f/72/128f72f7-09a7-8773-3f4e-19df0c465add/mzvf_4605026355987183564.640x362.h264lc.U.p.m4v,http://is5.mzstatic.com/image/thumb/Video3/v4/7b/12/6c/7b126c54-9f01-2d7e-5168-dc641f577b4e/8864444761880101VIC.jpg/80x60bb-85.jpg
Yoncé (Video) - Beyoncé,https://itunes.apple.com/us/music-video/yonce-video/id780520076?uo=2,http://a1464.phobos.apple.com/us/r1000/166/Video69/v4/4f/c2/2a/4fc22a1b-714a-5483-a857-0fd56a4c4b75/mzvf_5548623075637568753.640x480.h264lc.U.p.m4v,http://is4.mzstatic.com/image/thumb/Video6/v4/69/f0/13/69f01363-863c-ec6e-9b82-6663d05f9689/8864443858620121VIC.jpg/80x60bb-85.jpg
One Time - Justin Bieber,https://itunes.apple.com/us/music-video/one-time/id340234903?uo=2,http://a1913.phobos.apple.com/us/r1000/058/Video/ad/28/a4/mzm.tqgvuwts..640x352.h264lc.u.p.m4v,http://is3.mzstatic.com/image/thumb/Video/44/d2/6b/mzi.hcfpfxim.jpg/80x60bb-85.jpg
Not Afraid - Eminem,https://itunes.apple.com/us/music-video/not-afraid/id378423855?uo=2,http://a41.phobos.apple.com/us/r1000/122/Video2/v4/bb/1d/3d/bb1d3d2f-2ca9-fce1-4ef3-d3a810ed97eb/mzvf_8058364308748102088.640x348.h264lc.U.p.m4v,http://is2.mzstatic.com/image/thumb/Video/2c/2d/be/mzi.bojkvdxu.jpg/80x60bb-85.jpg
Blurred Lines (feat. T.I. & Pharrell) - Robin Thicke,https://itunes.apple.com/us/music-video/blurred-lines-feat.-t.i.-pharrell/id627635740?uo=2,http://a1796.phobos.apple.com/us/r1000/116/Video/v4/c2/be/05/c2be05e3-d281-9daa-9525-537fc1a27766/mzvf_8257414576726508401.640x352.h264lc.U.p.m4v,http://is5.mzstatic.com/image/thumb/Video/v4/fd/ba/64/fdba64ff-0ff4-2507-bef3-d539013c8342/vidtrkimg_00602537378807_1_1.jpg/80x60bb-85.jpg
One Less Lonely Girl - Justin Bieber,https://itunes.apple.com/us/music-video/one-less-lonely-girl/id340235164?uo=2,http://a1431.phobos.apple.com/us/r1000/009/Video/d7/dd/70/mzm.vokwwrde..640x352.h264lc.u.p.m4v,http://is2.mzstatic.com/image/thumb/Video/f7/5c/cb/mzi.elbyquza.jpg/80x60bb-85.jpg
Shake It Off - Taylor Swift,https://itunes.apple.com/us/music-video/shake-it-off/id907320486?uo=2,http://a690.phobos.apple.com/us/r1000/145/Video4/v4/d2/a6/40/d2a64097-8703-75ad-4888-1d833c56c461/mzvf_5822716043303688915.640x480.h264lc.U.p.m4v,http://is5.mzstatic.com/image/thumb/Video2/v4/02/e7/57/02e7574c-81f8-ed99-16ef-4156276fd41c/vidtrkimg_00843930013845_1_1.jpg/80x60bb-85.jpg
Bohemian Rhapsody - Queen,https://itunes.apple.com/us/music-video/bohemian-rhapsody/id139137587?uo=2,http://a1016.phobos.apple.com/us/r1000/041/Video/76/15/54/mzm.nnyxhtbh..640x368.h264lc.u.p.m4v,http://is3.mzstatic.com/image/thumb/Music/9e/3f/e9/dj.zrcdvpqy.tif/80x60bb-85.jpg
Smooth Criminal - Michael Jackson,https://itunes.apple.com/us/music-video/smooth-criminal-michael-jacksons/id405410806?uo=2,http://a1312.phobos.apple.com/us/r1000/134/Video69/v4/89/32/78/893278eb-e4cd-b3cf-264f-a256ad488b2d/mzvf_6156180984890520080.640x480.h264lc.U.p.m4v,http://is4.mzstatic.com/image/thumb/Video/65/dd/d6/mzi.xfandoof.jpg/80x60bb-85.jpg
We Found Love (feat. Calvin Harris) - Rihanna,https://itunes.apple.com/us/music-video/we-found-love-feat.-calvin/id474703502?uo=2,http://a564.phobos.apple.com/us/r1000/178/Video5/v4/71/df/ad/71dfad16-31b9-b0a8-35a0-9b16209c655b/mzvf_559670868244477755.640x476.h264lc.U.p.m4v,http://is1.mzstatic.com/image/thumb/Video/06/0e/05/mzi.hdidbace.jpg/80x60bb-85.jpg
This One's For Me and You (feat. New Edition) - Johnny Gill,https://itunes.apple.com/us/music-video/this-ones-for-me-you-feat./id1091131862?uo=2,http://a1928.phobos.apple.com/us/r1000/145/Video49/v4/d5/9f/64/d59f6439-1d01-6665-8004-6a35d1a6b644/mzvf_2864409438220146883.640x354.h264lc.U.p.m4v,http://is3.mzstatic.com/image/thumb/Video49/v4/96/f0/a9/96f0a9b7-a1ec-f65a-903a-8d7cb98aa7e6/vidtrkimg_00811790027098_1_1.jpg/80x60bb-85.jpg
Work from Home (feat. Ty Dolla $ign) - Fifth Harmony,https://itunes.apple.com/us/music-video/work-from-home-feat.-ty-dolla/id1088108602?uo=2,http://a34.phobos.apple.com/us/r1000/130/Video49/v4/04/4c/d3/044cd31b-9668-34ff-96d7-d7051adcd905/mzvf_2218205413708606779.640x446.h264lc.U.p.m4v,http://is4.mzstatic.com/image/thumb/Video69/v4/5b/81/9c/5b819c44-b836-3f76-f9fd-b0d636e07a8d/8864457742760101VIC.jpg/80x60bb-85.jpg
Kiss It Better - Rihanna,https://itunes.apple.com/us/music-video/kiss-it-better/id1099348319?uo=2,http://a840.phobos.apple.com/us/r1000/142/Video6/v4/02/8a/78/028a7808-22d3-bcbb-2d5e-5b2f1c052fd7/mzvf_7910025989383022111.640x480.h264lc.U.p.m4v,http://is5.mzstatic.com/image/thumb/Video6/v4/a1/ae/3d/a1ae3d5c-f6ca-bd28-24d1-6e42edb7ba49/vidtrkimg_00851365006745_1_1.jpg/80x60bb-85.jpg
Humble and Kind - Tim McGraw,https://itunes.apple.com/us/music-video/humble-and-kind/id1074636517?uo=2,http://a1999.phobos.apple.com/us/r1000/143/Video69/v4/95/a6/2b/95a62b01-e273-d5e7-9e7b-145cef2f030b/mzvf_7663781664964553413.640x480.h264lc.U.p.m4v,http://is1.mzstatic.com/image/thumb/Video69/v4/03/5c/65/035c65af-3607-c403-a627-3bcf2bf2309b/vidtrkimg_00843930021390_1_1.jpg/80x60bb-85.jpg
"Huntin', Fishin' and Lovin' Every Day - Luke Bryan",https://itunes.apple.com/us/music-video/huntin-fishin-lovin-every/id1098930737?uo=2,http://a883.phobos.apple.com/us/r1000/131/Video49/v4/15/cb/cf/15cbcfef-1bba-c8e3-7843-06832a4e78f6/mzvf_4276783919401405757.640x366.h264lc.U.p.m4v,http://is4.mzstatic.com/image/thumb/Video6/v4/f7/73/c5/f773c50f-afe1-c802-baca-d6f9b4245739/dj.mvqscvus.jpg/80x60bb-85.jpg
7 Years - Lukas Graham,https://itunes.apple.com/us/music-video/7-years/id1069510392?uo=2,http://a271.phobos.apple.com/us/r1000/146/Video69/v4/64/d8/76/64d87611-7740-7f64-6224-632c0d577ee8/mzvf_5204094106496491356.640x460.h264lc.U.p.m4v,http://is3.mzstatic.com/image/thumb/Video69/v4/c9/2f/b6/c92fb6c8-b1eb-4dcb-d52a-68586cf2a1bd/USWBV1501062.sca1.jpg/80x60bb-85.jpg
Watch Me (Whip / Nae Nae) - Silentó,https://itunes.apple.com/us/music-video/watch-me-whip-nae-nae/id1014707687?uo=2,http://a1583.phobos.apple.com/us/r1000/059/Video1/v4/7f/f1/9d/7ff19ddf-3e9f-a7a3-dbf2-c2603e4458bc/mzvf_3581585449288631902.640x480.h264lc.U.p.m4v,http://is3.mzstatic.com/image/thumb/Video7/v4/c8/73/2a/c8732ad5-013c-c2b0-dca4-78187e4792bf/vidtrkimg_00602547459695_1_1.jpg/80x60bb-85.jpg
I Took a Pill In Ibiza - Mike Posner,https://itunes.apple.com/us/music-video/i-took-pill-in-ibiza-seeb/id1090209572?uo=2,http://a756.phobos.apple.com/us/r1000/137/Video49/v4/74/b9/f4/74b9f425-19d5-8bb3-72bb-e8ca9f77c05f/mzvf_3428238155869045823.640x366.h264lc.U.p.m4v,http://is5.mzstatic.com/image/thumb/Video69/v4/bc/38/46/bc384630-1389-2ff1-eab8-3a44cdf3936d/vidtrkimg_00602547855763_1_1.jpg/80x60bb-85.jpg
Came Here to Forget - Blake Shelton,https://itunes.apple.com/us/music-video/came-here-to-forget/id1100840278?uo=2,http://a1436.phobos.apple.com/us/r1000/146/Video1/v4/40/7e/c6/407ec618-04e0-690f-8fa4-add3d2e567af/mzvf_608273830870026957.640x480.h264lc.U.p.m4v,http://is2.mzstatic.com/image/thumb/Video4/v4/79/40/64/794064e8-de36-06e7-13c7-52e15f93aafa/USWBV1600122.sca1.jpg/80x60bb-85.jpg
Dangerous Woman - Ariana Grande,https://itunes.apple.com/us/music-video/dangerous-woman-visual-1/id1100010890?uo=2,http://a1963.phobos.apple.com/us/r1000/175/Video5/v4/53/4c/13/534c13b9-945c-a6f2-d509-fd8359be8d98/mzvf_3173041100137684046.640x472.h264lc.U.p.m4v,http://is5.mzstatic.com/image/thumb/Video5/v4/13/0c/33/130c3397-0b28-6e15-8b4d-205c47d20937/vidtrkimg_00602547903037_1_1.jpg/80x60bb-85.jpg
